Index,Value
0,0.0
1,0.0
2,0.0
3,0.0
4,0.0
5,0.0
6,0.0
7,0.0
8,0.0
9,0.0
10,13.034206990106911
11,11.3613673093098
12,9.741646649623515
13,8.077289637969411
14,6.412909383653387
15,4.648004935132999
16,2.8880662576999994
17,1.71123751
18,0.994952
19,0.0
20,17.595931613795887
21,15.633010796818988
22,13.631804225274312
23,11.670004705299506
24,9.691632917986489
25,7.720010678247499
26,5.597061137899998
27,3.42247502
28,1.989904
29,0.0
30,21.333501133953433
31,19.04049020334948
32,16.715953508535467
33,14.482824239219875
34,12.283363914245632
35,10.029584538953
36,7.807177332999997
37,5.1337125299999995
38,2.984856
39,0.0
40,24.14168638789008
41,21.766599379581603
42,19.36453816122253
43,16.88295800192462
44,14.40014185915646
45,11.955655613038997
46,9.518414842999999
47,6.84495004
48,3.979808
49,0.0
50,28.87486339093469
51,24.008003803319333
52,21.49217305042195
53,18.93625772675053
54,16.29104785295467
55,13.851718345762498
56,11.217215453
57,8.55618755
58,4.97476
59,0.0
60,28.467549658589782
61,25.95518038353473
62,23.414208986470815
63,20.810821147432144
64,18.08364654351414
65,15.286467281985999
66,12.391272622399999
67,9.551139549999998
68,5.969712
69,0.0
70,30.350270230991704
71,27.786857559170063
72,25.10899122072954
73,22.396881298795975
74,19.571997894580797
75,16.6758180808595
76,13.565329791799996
77,10.54609155
78,6.964663999999999
79,0.0
80,32.122668925763165
81,29.45151180876197
82,26.630305649291323
83,23.839868158737637
84,20.914994370707927
85,17.955613050802498
86,14.739386961199997
87,11.541043550000001
88,7.959616
89,0.0
90,33.65678317927559
91,30.924754157663063
92,28.102943064905258
93,25.16248920135481
94,22.185593538388964
95,19.125852191814996
96,15.913444130599997
97,12.53599555
98,8.954568
99,0.0
100,35.06683059914286
101,32.28605432879426
102,29.434606244723454
103,26.464280241090098
104,23.447135616396437
105,20.291551364765002
106,17.0875013
107,13.53094755
108,9.94952
109,0.0
110,33.55706319957405
111,30.67797089880377
112,27.66602989289133
113,24.578134030950437
114,21.3422470557645
115,18.07996592
116,14.525899549999998
117,10.944472
118,0.0
119,34.796158405374996
120,31.874980573134337
121,28.82078133169833
122,25.693393172254567
123,22.392942746763996
124,19.07243054
125,15.52085155
126,11.939424
127,0.0
128,35.97491938191702
129,33.02214110290497
130,29.932004895234808
131,26.773218950072536
132,23.443638437763497
133,20.06489516
134,16.51580355
135,12.934376
136,0.0
137,37.14180013000228
138,34.12388964551744
139,31.021808866487234
140,27.817611364404346
141,24.494334128762997
142,21.057359780000002
143,17.510755550000003
144,13.929327999999998
145,0.0
146,41.1636109950128
147,38.25565881622552
148,35.222793007459856
149,32.10786403981586
150,28.859847255324595
151,25.545029819762497
152,22.0498244
153,18.505707549999997
154,14.92428
155,0.0
156,39.321789897802354
157,36.27235356107087
158,33.13766305290959
159,29.865227146837963
160,26.5327684177625
161,23.04228902
162,19.500659549999998
163,15.919232
164,0.0
165,40.37482706535245
166,37.310302915616546
167,34.16136809728748
168,30.870607038351338
169,27.5205070157625
170,24.03475364
171,20.495611549999996
172,16.914184
173,0.0
174,41.40718587374598
175,38.33279300246199
176,35.17176233014231
177,31.8759869298647
178,28.508245613762504
179,25.02721826
180,21.490563549999997
181,17.909136
182,0.0
183,42.41986956688306
184,39.34780252333155
185,36.16884575147411
186,32.881366821378066
187,29.495984211762494
188,26.019682879999998
189,22.48551555
190,18.904087999999998
191,0.0
192,43.43200729217856
193,40.36101046963708
194,37.16475917516377
195,33.88674671289144
196,30.4837228097625
197,27.0121475
198,23.480467549999997
199,19.89904
200,0.0
201,44.37225867149167
202,41.34679663380198
203,38.14707899170093
204,34.86775072954143
205,31.471461407762497
206,28.004612119999997
207,24.475419549999998
208,20.893992000000004
209,0.0
210,45.309380443907465
211,42.33012123056759
212,39.12939880823808
213,35.84875474619144
214,32.4592000057625
215,28.997076739999997
216,25.470371549999996
217,21.888944
218,0.0
219,46.24206563603925
220,43.30794806073592
221,40.11171862477522
222,36.82975876284143
223,33.4469386037625
224,29.98954136
225,26.465323549999997
226,22.883896
227,0.0
228,47.19110072684586
229,44.280277124306984
230,41.09403844131238
231,37.810762779491434
232,34.4346772017625
233,30.982005979999997
234,27.46027555
235,23.878848
236,0.0
237,50.861181220170536
238,48.13818772342452
239,45.25191028880539
240,42.076358257849535
241,38.79176679614144
242,35.422415799762504
243,31.974470599999997
244,28.45522755
245,24.873800000000003
246,0.0
247,49.06013359609522
248,46.171933369837944
249,43.048831804789536
250,39.772770812791435
251,36.4101543977625
252,32.966935219999996
253,29.450179549999994
254,25.868752
255,0.0
256,49.96965130309191
257,47.09195645087051
258,44.02130535172953
259,40.75377482944144
260,37.3978929957625
261,33.959399839999996
262,30.44513155
263,26.863704
264,0.0
265,50.876761589755525
266,48.01197926726997
267,44.993778898669525
268,41.73477884609144
269,38.3856315937625
270,34.951864459999996
271,31.44008355
272,27.858655999999996
273,0.0
274,51.77471059364928
275,48.94352542215501
276,45.96625244560953
277,42.715782862741435
278,39.3733701917625
279,35.94432908
280,32.43503555
281,28.853607999999998
282,0.0
283,52.67503252991535
284,49.87979370937973
285,46.93872599254953
286,43.69678687939144
287,40.361108789762504
288,36.9367937
289,33.42998755
290,29.84856
291,0.0
292,53.56353272924368
293,50.80112134022364
294,47.86703365764661
295,44.67779089604144
296,41.3488473877625
297,37.929258319999995
298,34.42493955
299,30.843511999999997
300,0.0
301,54.448975215649384
302,51.71379908197193
303,48.79534132274369
304,45.658794912691434
305,42.3365859857625
306,38.92172294000001
307,35.41989155
308,31.838464
309,0.0
310,55.322753699499486
311,52.626476823720225
312,49.72364898784077
313,46.63979892934143
314,43.324324583762504
315,39.91418756
316,36.41484355
317,32.833416
318,0.0
319,56.19361069264337
320,53.533232345695374
321,50.6541688467
322,47.620802945991436
323,44.3120631817625
324,40.90665218
325,37.40979555
326,33.828368
327,0.0
328,59.544925497481735
329,57.06806636401116
330,54.44034540612861
331,51.59183757159017
332,48.60180696264144
333,45.299801779762504
334,41.8991168
335,38.40474755
336,34.823319999999995
337,0.0
338,57.9360184840833
339,55.33038760394176
340,52.520097323707326
341,49.540965083625196
342,46.2875403777625
343,42.891581419999994
344,39.399699549999994
345,35.818272
346,0.0
347,58.8015056420891
348,56.22294667892365
349,53.44286689129868
350,50.480123204608944
351,47.275278975762504
352,43.884046039999994
353,40.394651550000006
354,36.813224000000005
355,0.0
356,59.6620904181806
357,57.10783878691261
358,54.36563645889003
359,51.419281325592706
360,48.263017573762504
361,44.876510659999994
362,41.389603550000004
363,37.808175999999996
364,0.0
365,60.522181183072874
366,57.98400062167968
367,55.28342422684409
368,52.35843915335421
369,49.250756171762504
370,45.868975279999994
371,42.384555549999995
372,38.803128
373,0.0
374,61.3710843399782
375,58.862410237455
376,56.19844238892301
377,53.29524620200448
378,50.23849476976251
379,46.8614399
380,43.37950755000001
381,39.79808
382,0.0
383,62.209280445216
384,59.73734283568225
385,57.096860527461374
386,54.227374432975196
387,51.18642661028625
388,47.85390452
389,44.37445955
390,40.793032
391,0.0
392,63.05245569500206
393,60.607365439458164
394,57.99088003081727
395,55.157173159266364
396,52.134358450810005
397,48.84636913999999
398,45.36941155
399,41.78798400000001
400,0.0
401,63.88751229579691
402,61.47383436652683
403,58.88213104254257
404,56.08697188555753
405,53.08229029133374
406,49.83883375999999
407,46.36436354999999
408,42.782936
409,0.0
410,64.70942464115532
411,62.33723856588279
412,59.76947753499731
413,57.0120915009469
414,54.0302221318575
415,50.83129837999999
416,47.35931555
417,43.777888
418,0.0
419,67.71723880174895
420,65.5288012682787
421,63.19219246941951
422,60.64902071715415
423,57.932531418989996
424,54.96952787873501
425,51.823763
426,48.35426755
427,44.77284
428,0.0
429,66.34397974228328
430,64.03493368448852
431,61.51966792542522
432,58.829571970634845
433,55.90020784062125
434,52.77618679675
435,49.349219549999994
436,45.767792
437,0.0
438,67.15386418273829
439,64.8702089491526
440,62.38636725037361
441,59.72428331082241
442,56.83088811116249
443,53.728610593499994
444,50.344171550000006
445,46.762744000000005
446,0.0
447,67.9583822441417
448,65.69819994375963
449,63.2524828537449
450,60.61664475156549
451,57.761568381703746
452,54.68103439025
453,51.339123550000004
454,47.757696
455,0.0
456,68.75207637641348
457,66.5220749816462
458,64.11078087784169
459,61.50432649496226
460,58.68362286725375
461,55.633458186999995
462,52.33407555
463,48.752648
464,0.0
465,69.53908633775505
466,67.33120524772431
467,64.959047457535
468,62.373269054208905
469,59.5970515678125
470,56.567722111500004
471,53.32902755
472,49.747600000000006
473,0.0
474,70.30192753962187
475,68.12173269040746
476,65.77502409967103
477,63.2223072371323
478,60.475976819751246
479,57.483826163749995
480,54.27423195
481,50.742552
482,0.0
483,71.06143648824973
484,68.90919973911251
485,66.5931860689828
486,64.07251061222884
487,61.354902071690006
488,58.399930215999994
489,55.21943635000001
490,51.737504
491,0.0
492,71.81688117198155
493,69.69824236290977
494,67.40969991252169
495,64.92271398732537
496,62.23382732362876
497,59.31603426824999
498,56.16464075
499,52.732456
500,0.0
501,72.57113192870297
502,70.48413629229093
503,68.22453709233447
504,65.76940256402652
505,63.112752575567505
506,60.2321383205
507,57.10984515
508,53.727408
509,0.0
510,75.21505850993682
511,73.31596088386836
512,71.26475124432787
513,69.02827870210909
514,66.61257634233228
515,63.98305173386001
516,61.148242372750005
517,58.05504955
518,54.72236
519,0.0
520,74.04799778306725
521,72.02349674790523
522,69.81980354030448
523,67.4370109364879
524,64.84472479850625
525,62.04618655275
526,59.00025395
527,55.71731199999999
528,0.0
529,74.7779480957541
530,72.78470384800788
531,70.61244958004096
532,68.26144553064354
533,65.70639786315249
534,62.944130732750004
535,59.94545835
536,56.712264
537,0.0
538,75.50959239889315
539,73.54487282540661
540,71.40509561977746
541,69.08588012479916
542,66.56807092779874
543,63.84207491275001
544,60.890662750000004
545,57.707215999999995
546,0.0
547,76.23995304170191
548,74.30433499369865
549,72.19607926476442
550,69.9103147189548
551,67.429743992445
552,64.74001909275
553,61.835867150000006
554,58.702168
555,0.0
556,76.96732100331603
557,75.05679041598802
558,72.9854005150019
559,70.73006932254188
560,68.29141705709125
561,65.63796327275
562,62.78107155
563,59.69712
564,0.0
565,75.80133960760928
566,73.76362619520123
567,71.54514393556043
568,69.14446402809126
569,66.53590745275
570,63.72627595
571,60.692071999999996
572,0.0
573,76.54678828389598
574,74.54185187540057
575,72.36021854857896
576,69.99751099909126
577,67.43385163274999
578,64.67148035
579,61.687023999999994
580,0.0
581,77.29223696018269
582,75.3200775555999
583,73.17529316159751
584,70.85055797009124
585,68.33179581275
586,65.61668474999999
587,62.681976
588,0.0
589,78.03681317056409
590,76.09830323579924
591,73.99036777461606
592,71.70360494109126
593,69.22973999275
594,66.56188915
595,63.676928
596,0.0
597,80.52959349770265
598,78.78051691504015
599,76.87374531970795
600,74.8054423876346
601,72.55665191209124
602,70.12768417275001
603,67.50709355000001
604,64.67188
605,0.0
606,79.51721391351359
607,77.64640380732605
608,75.6158370100846
609,73.40969888309125
610,71.02562835275
611,68.45229795000002
612,65.666832
613,0.0
614,80.25391091198699
615,78.41906229494417
616,76.42623163253461
617,74.26274585409124
618,71.92357253274999
619,69.39750235
620,66.661784
621,0.0
622,80.99060791046041
623,79.19172078256227
624,77.2366262549846
625,75.11579282509125
626,72.82151671275
627,70.34270675
628,67.656736
629,0.0
630,81.7273049089338
631,79.96437927018039
632,78.0470208774346
633,75.96883979609125
634,73.71946089274999
635,71.28791115
636,68.651688
637,0.0
638,82.46222995683647
639,80.73703775779849
640,78.8574154998846
641,76.82188676709124
642,74.61740507275
643,72.23311555000001
644,69.64663999999999
645,0.0
646,83.0278443769574
647,81.506912649126
648,79.6678101223346
649,77.67493373809126
650,75.51534925275
651,73.17831995000002
652,70.641592
653,0.0
654,83.59345879707834
655,82.2767875404535
656,80.47820474478459
657,78.52798070909125
658,76.41329343275
659,74.12352435
660,71.636544
661,0.0
662,84.17371738616195
663,83.04666243178099
664,81.28859936723461
665,79.38102768009124
666,77.31123761275
667,75.06872874999999
668,72.631496
669,0.0
670,84.89266285642768
671,83.8165373231085
672,82.0989939896846
673,80.23407465109126
674,78.20918179275002
675,76.01393315000001
676,73.62644800000001
677,0.0
678,86.3472955301979
679,85.57442990918123
680,84.586412214436
681,82.9093886121346
682,81.08712162209126
683,79.10712597275
684,76.95913755000002
685,74.6214
686,0.0
687,86.20548746476958
688,85.17806539230905
689,83.7197832345846
690,81.94016859309124
691,80.00507015275001
692,77.90434195000002
693,75.61635199999999
694,0.0
695,86.76755798374899
696,85.76971857018212
697,84.53017785703459
698,82.79321556409124
699,80.90301433275
700,78.84954635000001
701,76.611304
702,0.0
703,87.32962850272838
704,86.36136645539355
705,85.34057247948459
706,83.64626253509125
707,81.80095851275
708,79.79475075000002
709,77.606256
710,0.0
711,87.89169902170781
712,87.0578647750449
713,86.15096710193461
714,84.49930950609125
715,82.69890269275001
716,80.73995515000001
717,78.601208
718,0.0
719,88.4537695406872
720,87.77073141733315
721,86.9613617243846
722,85.35235647709126
723,83.59684687275
724,81.68515955000001
725,79.59616
726,0.0
727,89.05969030133052
728,88.421332113097
729,87.58415454319835
730,86.20540344809123
731,84.49479105275
732,82.63036395000002
733,80.591112
734,0.0
735,89.66460095397662
736,89.01298529097005
737,88.2069473620121
738,87.05845041909126
739,85.39273523275
740,83.57556835000001
741,81.586064
742,0.0
743,90.18412258514279
744,89.60463846884312
745,88.82974018082584
746,87.91149739009124
747,86.29067941275
748,84.52077274999999
749,82.58101599999999
750,0.0
751,90.69750808452706
752,90.1963022320394
753,89.4746437948157
754,88.76454436109127
755,87.18862359275002
756,85.46597715000001
757,83.57596800000002
758,0.0
759,91.60222647489039
760,91.25958865956352
761,90.78795540991246
762,90.20781106320997
763,89.61759133209124
764,88.08656777274999
765,86.41118155000001
766,84.57092
767,0.0
768,91.83905068909694
769,91.33779509024396
770,90.87457909140296
771,90.27316272031624
772,88.98451195275
773,87.35638595
774,85.565872
775,0.0
776,92.3724163212703
777,91.97177223080014
778,91.4973719102167
779,90.92873410854125
780,89.88245613275001
781,88.30159035
782,86.560824
783,0.0
784,92.85406125509476
785,92.5293543812678
786,92.12016472903045
787,91.58430549676626
788,90.78040031275
789,89.24679474999999
790,87.555776
791,0.0
792,93.35489052861095
793,93.03770460122948
794,92.74296869028971
795,92.23987102054625
796,91.67834449274999
797,90.19199914999999
798,88.55072799999999
799,0.0
800,93.82182828667963
801,93.62936836442576
802,93.36576150910345
803,92.91871693000925
804,92.57628867274998
805,91.13720355000001
806,89.54568
807,0.0
808,94.36812955622561
809,94.26309556507277
810,93.96641567662735
811,93.59758043280723
812,93.26636381825
813,92.08240795
814,90.54063200000002
815,0.0
816,94.97512076120849
817,94.79937488625946
818,94.56705870170576
819,94.25315182103225
820,93.95643896375
821,93.02761235
822,91.535584
823,0.0
824,95.50121186214261
825,95.30718288510994
826,95.12401746815989
827,94.90872320925726
828,94.64651410924999
829,93.97281674999999
830,92.530536
831,0.0
832,95.96676311660927
833,95.82959184205629
834,95.68040547554959
835,95.56430632637226
836,95.33658925474998
837,94.91802115000002
838,93.52548800000001
839,0.0
840,96.50601723822287
841,96.43155432802446
842,96.34193282764694
843,96.34748673938856
844,96.21988944348725
845,96.02665822715
846,95.86322555
847,94.52044000000001
848,0.0
849,96.94762901536596
850,96.98390582500143
851,96.97086145971224
852,96.87544910282223
853,96.71672719955001
854,96.58962043999998
855,95.515392
856,0.0
857,97.46515150875666
858,97.53404468004105
859,97.49399600088906
860,97.48442453301125
861,97.40680234505
862,97.31601533
863,96.510344
864,0.0
865,97.90048322090713
866,97.92470706075765
867,98.00545611052391
868,98.04640197431038
869,98.09687749054999
870,98.04241022
871,97.505296
872,0.0
873,98.16677350741794
874,98.28316772172582
875,98.38335388113377
876,98.51478546868364
877,98.61443693622499
878,98.76880511
879,98.50024800000001
880,0.0
881,98.24631435883828
882,98.36672244671499
883,98.4870140174629
884,98.62768931271873
885,98.77228105933324
886,98.959480682075
887,99.132002555
888,99.49520000000001
889,0.0
